Property,Min,Max,Mean,Std,Skewness,Kurtosis
LogP,-5.4,11.29,2.0695222551570995,1.835213342106822,0.3472287773213287,0.9009103378032881
LogS,-12.06,1.581,-2.600750414593698,2.1897040019362097,-0.5520577284794246,0.3629950165289628
LogBCF,-0.35,5.97,1.8825383771929822,1.2562434589013236,0.5550911260836964,-0.4151679476460206
BP,-88.6,548.0,188.98053543814433,85.06605460586715,0.11518639667092631,0.5062819280849031
MP,-196.0,385.0,80.34791127042863,99.11716815830748,-0.02954848763280701,-0.35671724493151924
Log VP,-13.6778,5.6682,-2.0407132755866813,3.5731637453807545,-0.5710533150188434,-0.4305691700244352
